tweet_id,favorite_count,retweet_count,followers_count
892420643555336193,35307,7455,8912752
892177421306343426,30556,5535,8912752
891815181378084864,22998,3661,8912752
891689557279858688,38595,7628,8912752
891327558926688256,36877,8223,8912752
891087950875897856,18608,2752,8912752
890971913173991426,10805,1780,8912752
890729181411237888,59503,16670,8912751
890609185150312448,25597,3805,8912751
890240255349198849,29203,6467,8912751
890006608113172480,28161,6479,8912751
889880896479866881,25621,4400,8912751
889665388333682689,43978,8841,8912751
889638837579907072,24746,3952,8912751
889531135344209921,13925,1993,8912751
889278841981685760,23098,4703,8912751
888917238123831296,26702,3963,8912751
888804989199671297,23430,3733,8912751
888554962724278272,18078,3055,8912751
888078434458587136,19972,3062,8912751
887705289381826560,27758,4772,8912751
887517139158093824,42516,10402,8912751
887473957103951883,62919,15883,8912751
887343217045368832,30874,9305,8912751
887101392804085760,28106,5266,8912751
886983233522544640,31899,6753,8912751
886736880519319552,10948,2810,8912751
886680336477933568,20631,3953,8912751
886366144734445568,19372,2796,8912751
886267009285017600,110,4,8912751
886258384151887873,25651,5588,8912751
886054160059072513,0,96,8912751
885984800019947520,29878,5935,8912751
885528943205470208,32949,5649,8912751
885518971528720385,18790,3295,8912751
885311592912609280,0,16338,8912751
885167619883638784,20064,3861,8912751
884925521741709313,70531,15947,8912751
884876753390489601,25497,4930,8912751
884562892145688576,22292,4148,8912751
884441805382717440,24870,5035,8912750
884247878851493888,66414,17927,8912750
884162670584377345,18727,2645,8912750
883838122936631299,20047,3021,8912750
883482846933004288,42026,8728,8912750
883360690899218434,20798,3256,8912750
883117836046086144,33987,5864,8912750
882992080364220416,21914,3426,8912750
882762694511734784,25905,4314,8912750
882627270321602560,25687,5364,8912750
882268110199369728,41098,10252,8912750
882045870035918850,26875,4298,8912750
881906580714921986,22349,3010,8912750
881666595344535552,46451,9442,8912750
881633300179243008,116,7,8912750
881536004380872706,45366,14157,8912750
881268444196462592,21372,4693,8912750
880935762899988482,15692,2474,8912750
880872448815771648,19541,3384,8912750
880465832366813184,26113,5502,8912750
880221127280381952,24727,3678,8912750
880095782870896641,25345,3854,8912750
879862464715927552,20533,3084,8912750
879674319642796034,291,10,8912750
879492040517615616,21562,2807,8912750
879415818425184262,97000,39531,8912750
879376492567855104,15474,2774,8912750
879130579576475649,0,6028,8912750
879050749262655488,20697,4159,8912750
879008229531029506,17474,2371,8912750
878776093423087618,17795,3626,8912750
878604707211726852,27592,6255,8912750
878404777348136964,0,1127,8912750
878316110768087041,0,5884,8912750
878281511006478336,7096,1127,8912750
878057613040115712,38708,6028,8912750
877736472329191424,72668,16775,8912750
877611172832227328,0,71,8912750
877556246731214848,20868,3382,8912750
877316821321428993,25225,4622,8912750
877201837425926144,24919,4931,8912750
876838120628539392,19037,2957,8912750
876537666061221889,21863,4174,8912750
876484053909872640,17290,2098,8912750
876120275196170240,25775,4136,8912750
875747767867523072,23106,3790,8912750
875144289856114688,20205,4368,8912750
875097192612077568,25276,5414,8913379
875021211251597312,23506,4189,8912751
874680097055178752,25639,4120,8912751
874434818259525634,0,12916,8912751
874296783580663808,23996,3673,8912751
874057562936811520,20958,3544,8912751
874012996292530176,31477,9080,8912751
873580283840344065,22341,3511,8912751
873337748698140672,0,1406,8912751
873213775632977920,6607,1406,8912751
872967104147763200,25135,4824,8912751
872820683541237760,13609,3322,8912751
872620804844003328,19136,3246,8912751
872486979161796608,37646,8106,8912751
872122724285648897,31616,7246,8912751
871879754684805121,34654,9769,8912751
871762521631449091,18690,3124,8912751
871515927908634625,18673,3114,8912751
871166179821445120,0,5115,8912751
871102520638267392,19350,4939,8912751
871032628920680449,21053,3414,8912751
870804317367881728,31152,5548,8912751
870726314365509632,112,3,8912751
870656317836468226,11396,2339,8912751
870374049280663552,76974,23921,8912751
870308999962521604,20328,3736,8912751
870063196459192321,33837,7476,8912751
869772420881756160,39517,9138,8912751
869702957897576449,26165,5665,8912751
869596645499047938,14806,2795,8912751
869227993411051520,18957,3390,8912751
868880397819494401,60617,12988,8912751
868639477480148993,0,1861,8912751
868622495443632128,24720,4764,8912751
868552278524837888,9350,1861,8912751
867900495410671616,22511,3780,8912751
867774946302451713,31595,6623,8912751
867421006826221569,14958,2256,8912751
867072653475098625,0,108,8912751
867051520902168576,29939,7141,8912751
866720684873056260,18618,4346,8912751
866686824827068416,17899,3138,8912751
866450705531457537,113725,31992,8912751
866334964761202691,48712,12916,8912751
866094527597207552,0,7605,8912751
865718153858494464,23957,5112,8912751
865359393868664832,24653,4542,8912751
865006731092295680,26153,7032,8912751
864873206498414592,30087,7905,8912751
864279568663928832,13629,2734,8912751
864197398364647424,27949,8027,8912751
863907417377173506,19261,3778,8912751
863553081350529029,14259,3819,8912751
863471782782697472,0,2207,8912751
863432100342583297,22215,4780,8912751
863427515083354112,2054,85,8912751
863079547188785154,8209,1013,8912751
863062471531167744,7890,2207,8912751
862831371563274240,17949,4702,8912751
862722525377298433,16014,3240,8912751
862457590147678208,19095,4494,8912751
862096992088072192,69334,21159,8912751
861383897657036800,33786,9802,8912751
861288531465048066,16092,3795,8912751
861005113778896900,15655,3500,8912751
860981674716409858,0,1962,8912751
860924035999428608,0,726,8912751
860563773140209665,7026,1962,8912751
860524505164394496,22204,4857,8912751
860276583193509888,17282,3240,8912752
860184849394610176,15658,5387,8912752
860177593139703809,0,28423,8912752
859924526012018688,18446,3788,8912752
859851578198683649,14531,3245,8912752
859607811541651456,17543,1425,8912752
859196978902773760,84450,27779,8912752
859074603037188101,31805,12597,8912752
858860390427611136,0,7492,8912752
858843525470990336,14715,3206,8912752
858471635011153920,20330,4498,8912752
858107933456039936,14870,2674,8912752
857989990357356544,15171,2394,8912752
857746408056729600,32308,9863,8912752
857393404942143489,5565,1523,8912752
857263160327368704,18995,4202,8912752
857214891891077121,212,17,8912752
857062103051644929,0,154,8912752
857029823797047296,17832,3693,8912752
856543823941562368,15514,2681,8912752
856526610513747968,11246,1752,8912752
856330835276025856,0,623,8912752
856288084350160898,488,15,8912752
856282028240666624,26308,5852,8912752
855862651834028034,316,22,8912752
855860136149123072,4642,905,8912752
855857698524602368,11281,1967,8912752
855851453814013952,43544,16894,8912752
855818117272018944,25352,5079,8912752
855459453768019968,28314,7695,8912752
855245323840757760,0,5560,8912752
855138241867124737,0,40,8912752
854732716440526848,21659,5685,8912752
854482394044301312,27833,6406,8912752
854365224396361728,18005,4403,8912752
854120357044912130,30510,6989,8912752
854010172552949760,15500,2962,8912752
853760880890318849,27288,5424,8912752
853639147608842240,33086,9405,8912752
853299958564483072,14820,3350,8912752
852936405516943360,0,1868,8912752
852912242202992640,8620,1702,8912752
852672615818899456,14285,2043,8912752
852553447878664193,15581,3277,8912752
852311364735569921,31747,9399,8912752
852226086759018497,19171,6491,8912752
852189679701164033,11010,1503,8912752
851861385021730816,0,19,8912752
851591660324737024,15637,3286,8912752
851464819735769094,23299,6704,8912752
851224888060895234,19898,5460,8912753
850753642995093505,29560,8606,8912753
850380195714523136,12625,2470,8912753
850333567704068097,3329,310,8912753
850145622816686080,15722,3601,8912753
850019790995546112,19651,4630,8912753
849776966551130114,29257,7204,8912753
849668094696017920,0,4722,8912753
849412302885593088,15308,2995,8912753
849336543269576704,11012,1798,8912753
849051919805034497,40813,8050,8912753
848690551926992896,24317,4125,8912753
848324959059550208,23864,4413,8912753
848213670039564288,7886,683,8912753
848212111729840128,15757,2879,8912753
847978865427394560,0,3115,8912753
847971574464610304,0,419,8912754
847962785489326080,22739,4841,8912754
847842811428974592,5234,1260,8912754
847617282490613760,6757,391,8912754
847606175596138505,18159,3273,8912754
847251039262605312,19833,4126,8912754
847157206088847362,19212,5591,8912754
847116187444137987,20777,3045,8912754
846874817362120707,19421,3749,8912754
846514051647705089,43132,11032,8912754
846505985330044928,13674,2933,8912754
846153765933735936,30551,8646,8912754
846139713627017216,30074,9643,8912754
846042936437604353,15490,2739,8912754
845812042753855489,28300,8317,8912754
845677943972139009,24437,4616,8912754
845397057150107648,7382,1711,8912754
845306882940190720,22624,5152,8912754
845098359547420673,0,7341,8912754
844979544864018432,13242,2442,8912754
844973813909606400,14598,3042,8912754
844580511645339650,15980,2982,8912754
844223788422217728,13280,2095,8912754
843981021012017153,14756,2842,8912754
843856843873095681,20843,4424,8912754
843604394117681152,16427,2626,8912754
843235543001513987,20913,5768,8912754
842846295480000512,14882,3493,8912754
842765311967449089,6542,1214,8913382
842535590457499648,17646,3378,8912754
842163532590374912,23779,5560,8912754
842115215311396866,13600,2904,8912754
841833993020538882,0,14455,8912754
841680585030541313,25105,7551,8912754
841439858740625411,12304,3537,8912754
841320156043304961,19297,5320,8912754
841314665196081154,15438,4474,8912754
841077006473256960,22271,5115,8912754
840761248237133825,0,1697,8912754
840728873075638272,0,15462,8912754
840698636975636481,170,2,8912754
840696689258311684,11978,936,8912754
840632337062862849,8763,1697,8912754
840370681858686976,16031,4394,8912754
840268004936019968,18783,5536,8912754
839990271299457024,13115,2199,8912754
839549326359670784,26785,7492,8912754
839290600511926273,0,139,8912754
839239871831150596,26461,6300,8912754
838952994649550848,19206,3864,8912754
838921590096166913,10871,1971,8912754
838916489579200512,0,33,8912754
838831947270979586,0,10657,8912754
838561493054533637,10722,1286,8912754
838476387338051585,21955,4597,8912754
838201503651401729,0,9716,8912754
838150277551247360,1629,319,8912754
838085839343206401,137,1,8912754
838083903487373313,17231,3015,8912754
837820167694528512,33295,7605,8912754
837482249356513284,3774,428,8912754
837471256429613056,12516,2191,8912754
837110210464448512,15703,2293,8912754
836989968035819520,12485,2234,8912754
836753516572119041,18950,4509,8912754
836677758902222849,12380,2162,8912754
836648853927522308,0,535,8912754
836397794269200385,0,26682,8912754
836380477523124226,14479,2901,8912754
836260088725786625,20900,4186,8912754
836001077879255040,18697,4141,8912754
835685285446955009,0,7891,8912754
835574547218894849,17448,3511,8912754
835536468978302976,0,1638,8912754
835309094223372289,0,20342,8912754
835297930240217089,16157,2910,8912754
835264098648616962,7578,1638,8912754
835246439529840640,2057,71,8912754
835172783151792128,25665,5596,8912754
835152434251116546,21919,2914,8912754
834931633769889797,10590,1581,8912754
834786237630337024,21012,5367,8912754
834574053763584002,13386,2448,8912754
834477809192075265,0,10350,8912754
834458053273591808,9450,1630,8912754
834209720923721728,20153,4617,8913382
834167344700198914,15535,3561,8912754
834089966724603904,9848,2075,8912754
834086379323871233,12822,2146,8912754
833863086058651648,13202,2342,8912754
833826103416520705,17761,3677,8912754
833732339549220864,0,215,8912754
833722901757046785,20469,3150,8912754
833479644947025920,14604,1984,8912754
833124694597443584,19846,4722,8912754
832998151111966721,13017,2131,8912754
832769181346996225,0,38,8912754
832757312314028032,16572,3520,8912754
832682457690300417,11671,2839,8912754
832645525019123713,2878,520,8912754
832636094638288896,15599,2711,8912754
832397543355072512,11779,2155,8912754
832369877331693569,16869,3115,8912754
832273440279240704,11144,2272,8912754
832215909146226688,0,6052,8912754
832215726631055365,0,9093,8912754
832088576586297345,61,2,8912754
832040443403784192,0,9342,8912754
832032802820481025,17548,4547,8912754
831939777352105988,23553,5982,8912754
831926988323639298,331,34,8912754
831911600680497154,27103,6335,8912754
831670449226514432,10257,1770,8913382
831650051525054464,6998,1868,8912754
831552930092285952,8820,2263,8912754
831322785565769729,9131,1516,8912754
831315979191906304,6429,1094,8912754
831309418084069378,11581,2405,8912754
831262627380748289,11709,1990,8912754
830956169170665475,7858,1458,8912754
830583320585068544,65649,16338,8912754
830173239259324417,0,5539,8912754
830097400375152640,9629,2861,8912754
829878982036299777,0,4887,8912754
829861396166877184,12056,1888,8912754
829501995190984704,31212,10350,8912754
829449946868879360,10299,1961,8912754
829141528400556032,23991,7161,8912754
829011960981237760,52422,15953,8912754
828801551087042563,0,3342,8912754
828770345708580865,25188,5718,8912754
828708714936930305,35943,10925,8912754
828650029636317184,9363,1298,8912754
828409743546925057,6256,1137,8912754
828408677031882754,7574,1254,8912754
828381636999917570,12412,2172,8912754
828376505180889089,7274,1044,8912754
828372645993398273,12397,2864,8912754
828361771580813312,2154,171,8912754
828046555563323392,11568,2805,8912754
828011680017821696,10206,2105,8912754
827933404142436356,19772,5120,8912754
827653905312006145,15274,2954,8912754
827600520311402496,7362,918,8912754
827324948884643840,15600,2968,8912754
827199976799354881,10432,2178,8912754
826958653328592898,21258,4887,8912754
826848821049180160,35755,9925,8912754
826615380357632002,0,3901,8912754
826598799820865537,5058,244,8912754
826598365270007810,9880,2293,8912754
826476773533745153,18149,4099,8912754
826240494070030336,13101,2561,8912754
826204788643753985,4806,902,8912754
826115272272650244,15424,3039,8912754
825876512159186944,10338,1824,8912754
825829644528148480,12569,2440,8912754
825535076884762624,56137,17241,8912754
825147591692263424,18049,4442,8912754
825120256414846976,0,1221,8912754
825026590719483904,6200,1221,8912754
824796380199809024,0,5392,8912754
824775126675836928,14724,3438,8912754
824663926340194305,10399,1736,8912754
824325613288833024,11672,10376,8912755
824297048279236611,14867,3784,8912755
824025158776213504,4765,588,8912755
823939628516474880,10499,2655,8912755
823719002937630720,0,10965,8912755
823699002998870016,13799,2471,8912755
823581115634085888,12864,2581,8912755
823333489516937216,693,22,8912755
823322678127919110,15549,3939,8912755
823269594223824897,0,9692,8912755
822975315408461824,17137,3379,8912755
822872901745569793,129793,42363,8912755
822859134160621569,13092,2228,8912755
822647212903690241,0,6289,8912755
822610361945911296,14632,2901,8912755
822489057087389700,17917,6289,8912755
822462944365645825,27599,13994,8912755
822244816520155136,34552,9692,8912755
822163064745328640,0,4667,8912755
821886076407029760,11189,2263,8912755
821813639212650496,0,3317,8912755
821765923262631936,8316,1628,8912755
821522889702862852,7958,1721,8912755
821421320206483457,0,5472,8912755
821407182352777218,11617,4253,8912755
821153421864615936,254,10,8912755
821149554670182400,8530,1930,8912755
821107785811234820,9496,2094,8912755
821044531881721856,12537,2231,8912755
820837357901512704,0,6613,8912755
820749716845686786,31211,9716,8912755
820690176645140481,12098,3181,8912755
820494788566847489,0,554,8912755
820446719150292993,0,2531,8912755
820314633777061888,3311,554,8912755
820078625395449857,19603,6180,8912755
820013781606658049,0,1154,8912755
819952236453363712,5271,1154,8912755
819924195358416896,12802,4808,8912755
819711362133872643,13234,3067,8912755
819588359383371776,9560,1966,8912755
819347104292290561,7148,1180,8912755
819238181065359361,2242,401,8912755
819227688460238848,22855,6613,8912755
819015337530290176,0,36407,8912755
819015331746349057,0,18746,8912755
819006400881917954,44909,18746,8912755
819004803107983360,86134,36407,8912755
818646164899774465,0,20663,8912755
818627210458333184,22211,7444,8912755
818614493328580609,9747,2509,8912755
818588835076603904,0,6022,8912755
818536468981415936,10764,2410,8912755
818307523543449600,0,7940,8912755
818259473185828864,10914,2220,8912755
818145370475810820,12147,2522,8912755
817908911860748288,4811,787,8912755
817827839487737858,51119,26682,8912755
817777686764523521,10656,2644,8912755
817536400337801217,11664,2913,8912755
817502432452313088,0,3343,8912755
817423860136083457,33441,14455,8912755
817415592588222464,5552,934,8912755
817181837579653120,0,8349,8912755
817171292965273600,8685,1992,8912755
817120970343411712,12118,2562,8912755
817056546584727552,8515,1619,8912755
816829038950027264,0,4655,8912755
816816676327063552,9920,2014,8912755
816697700272001025,9693,2152,8912755
816450570814898180,30142,7940,8912755
816336735214911488,8532,1921,8912755
816091915477250048,8856,2104,8912755
816062466425819140,0,1001,8912755
816014286006976512,0,5191,8912755
815990720817401858,4903,1001,8912755
815966073409433600,22208,8349,8912755
815745968457060357,0,4074,8912755
815736392542261248,9760,2235,8912755
815639385530101762,8158,1629,8912755
815390420867969024,10286,3763,8912755
814986499976527872,7594,1258,8912755
814638523311648768,11178,2660,8912755
814578408554463233,0,5767,8912755
814530161257443328,8563,1837,8912755
814153002265309185,28554,8569,8912755
813944609378369540,0,3146,8912755
813910438903693312,9246,1841,8912755
813812741911748608,36194,13807,8912755
813800681631023104,8263,1734,8912755
813217897535406080,18527,7218,8912755
813202720496779264,9184,1800,8912755
813187593374461952,19713,4308,8912755
813172488309972993,9201,1903,8912755
813157409116065792,7725,2185,8912755
813142292504645637,8439,2364,8912755
813130366689148928,4459,444,8912755
813127251579564032,11750,3093,8912755
813112105746448384,10244,2710,8912755
813096984823349248,10513,3598,8912755
813081950185472002,9844,2762,8912755
813066809284972545,7895,1933,8912755
813051746834595840,20846,7299,8912755
812781120811126785,7508,1887,8912755
812709060537683968,6583,1426,8912755
812503143955202048,6026,1205,8912755
812466873996607488,7934,1916,8912755
812372279581671427,13578,3627,8912755
811985624773361665,7242,1386,8912755
811744202451197953,7500,1572,8912755
811647686436880384,5576,730,8912755
811627233043480576,12684,3047,8912755
811386762094317568,20798,6322,8912755
810984652412424192,5296,1424,8912755
810896069567610880,8958,1749,8912755
810657578271330305,10906,2616,8912755
810284430598270976,34993,11118,8912755
810254108431155201,14608,3342,8912755
809920764300447744,15481,3901,8912755
809808892968534016,0,4847,8912755
809448704142938112,6912,1455,8912755
809220051211603969,19807,5539,8912755
809084759137812480,13158,3503,8912755
808838249661788160,10069,3009,8912755
808733504066486276,7861,2146,8912755
808501579447930884,11252,2584,8912755
808344865868283904,42295,20663,8912755
808134635716833280,0,5862,8912755
808106460588765185,8770,2197,8912755
808001312164028416,12477,3510,8912755
807621403335917568,14507,3580,8912755
807106840509214720,117506,54875,8912755
807059379405148160,0,7274,8912755
807010152071229440,13033,3836,8912755
806629075125202948,74196,34298,8912755
806620845233815552,0,5477,8912755
806576416489959424,4874,1943,8912755
806542213899489280,10177,2343,8912755
806242860592926720,0,11534,8912755
806219024703037440,6414,1183,8912755
805958939288408065,0,5314,8912755
805932879469572096,8253,1909,8912755
805826884734976000,6530,1802,8912755
805823200554876929,0,7941,8912755
805520635690676224,5729,1644,8912755
805487436403003392,8758,2503,8912755
805207613751304193,7815,1703,8912755
804738756058218496,13642,3795,8912755
804475857670639616,6110,1995,8912755
804413760345620481,0,3203,8912755
804026241225523202,44209,15958,8912755
803773340896923648,10012,2717,8912755
803692223237865472,0,7370,8912755
803638050916102144,10896,4117,8912755
803380650405482500,7736,1861,8912755
803321560782307329,0,5276,8912755
803276597545603072,9983,2435,8912755
802952499103731712,8980,1982,8912755
802624713319034886,0,2890,8912755
802600418706604034,7070,1449,8912755
802572683846291456,8907,2482,8912755
802323869084381190,16098,5784,8912755
802265048156610565,6901,1366,8912755
802239329049477120,9049,2603,8912755
802185808107208704,0,271,8912755
801958328846974976,7727,1711,8912755
801854953262350336,1785,235,8912755
801538201127157760,8198,2046,8912755
801285448605831168,6021,811,8912755
801167903437357056,24351,5862,8912755
801127390143516673,0,3921,8912755
801115127852503040,8039,2086,8912756
800859414831898624,685,97,8912756
800855607700029440,0,1597,8912756
800751577355128832,10546,2772,8912756
800513324630806528,13077,2969,8912756
800459316964663297,9473,2161,8912756
800443802682937345,0,4291,8912756
800388270626521089,11119,2782,8912756
800188575492947969,0,3908,8912756
800141422401830912,15219,2531,8912756
800018252395122689,28232,13042,8912756
799774291445383169,0,4641,8912756
799757965289017345,8354,2148,8912756
799422933579902976,8043,1914,8912756
799308762079035393,0,5416,8912756
799297110730567681,9833,2730,8912756
799063482566066176,8044,2458,8912756
798933969379225600,13014,4412,8912756
798925684722855936,7485,1431,8912756
798705661114773508,0,6596,8912756
798701998996647937,0,7720,8912756
798697898615730177,0,6476,8912756
798694562394996736,0,4913,8912756
798686750113755136,0,2318,8912756
798682547630837760,0,4711,8912756
798673117451325440,0,5516,8912756
798665375516884993,0,3878,8912756
798644042770751489,0,1838,8912756
798628517273620480,0,1964,8912756
798585098161549313,0,5642,8912756
798576900688019456,0,5795,8912756
798340744599797760,0,3299,8912756
798209839306514432,10379,2537,8912756
797971864723324932,11541,3088,8912756
797545162159308800,14505,4835,8912756
797236660651966464,19857,6510,8912756
797165961484890113,223,26,8912756
796904159865868288,0,8860,8912756
796865951799083009,7647,1903,8912756
796759840936919040,11767,3006,8912756
796563435802726400,0,7189,8912756
796484825502875648,7545,1740,8912757
796387464403357696,10953,4101,8912757
796177847564038144,0,14155,8912757
796149749086875649,32099,14155,8912757
796125600683540480,4953,1791,8912757
796116448414461957,9059,2397,8912757
796080075804475393,8420,2290,8912757
796031486298386433,10757,3689,8912757
795464331001561088,49318,23380,8912757
795400264262053889,9999,2842,8912757
795076730285391872,16130,5392,8912757
794983741416415232,0,3345,8912757
794926597468000259,10184,2298,8912756
794355576146903043,0,10192,8912756
794332329137291264,9557,2659,8912756
794205286408003585,9205,3291,8912756
793962221541933056,16757,4847,8912756
793845145112371200,9179,1837,8912756
793614319594401792,0,3104,8912756
793601777308463104,7943,1600,8912756
793500921481273345,10629,2354,8912756
793286476301799424,24479,9093,8912756
793271401113350145,8656,2373,8912756
793256262322548741,19902,8273,8912756
793241302385262592,10466,3266,8912756
793226087023144960,9775,2856,8912756
793210959003287553,8890,2774,8912756
793195938047070209,15180,5578,8912756
793180763617361921,6901,1982,8912756
793165685325201412,9340,2757,8912756
793150605191548928,6144,1685,8912756
793135492858580992,6377,2478,8912756
793120401413079041,12590,3889,8912756
792913359805018113,14238,3937,8912756
792883833364439040,11250,4237,8912756
792773781206999040,7325,1657,8912756
792394556390137856,13351,4266,8912756
792050063153438720,7114,1779,8912756
791821351946420224,0,20924,8912756
791784077045166082,0,9487,8912756
791780927877898241,0,3787,8912756
791774931465953280,44873,22006,8912756
791672322847637504,11702,3104,8912756
791406955684368384,13091,4074,8912756
791312159183634433,8726,2509,8912756
791026214425268224,0,4057,8912756
790987426131050500,9776,2112,8912756
790946055508652032,16586,4655,8912756
790723298204217344,0,2287,8912756
790698755171364864,8173,1905,8912756
790581949425475584,20573,7064,8912756
790337589677002753,7783,1864,8912756
790277117346975746,12494,3146,8912756
790227638568808452,0,3535,8912756
789986466051088384,9203,2287,8912756
789960241177853952,0,4073,8912756
789903600034189313,10287,4095,8912756
789628658055020548,7443,1743,8912756
789599242079838210,6707,1900,8912756
789530877013393408,11666,3345,8912756
789314372632018944,8605,2270,8912756
789280767834746880,0,4875,8912756
789268448748703744,9070,2580,8912756
789137962068021249,9666,2760,8912756
788908386943430656,27302,12381,8912756
788765914992902144,27157,10192,8912756
788552643979468800,0,7097,8912756
788412144018661376,15460,5214,8912756
788178268662984705,7189,2073,8912756
788150585577050112,6088,1260,8912756
788070120937619456,0,3401,8912756
788039637453406209,6088,1294,8912756
787810552592695296,8565,3015,8912756
787717603741622272,10209,2750,8912756
787397959788929025,10830,2821,8912756
787322443945877504,7734,1725,8912756
787111942498508800,0,6681,8912756
786963064373534720,26490,7891,8912756
786729988674449408,0,2401,8912756
786709082849828864,18124,6052,8912756
786664955043049472,10533,2514,8912756
786595970293370880,9401,3099,8912756
786363235746385920,10823,3454,8912756
786286427768250368,7924,2797,8912756
786233965241827333,15137,4667,8912756
786051337297522688,1418,154,8912756
786036967502913536,0,6922,8912756
785927819176054784,11314,3149,8912756
785872687017132033,6651,1783,8912756
785639753186217984,7817,2215,8912756
785533386513321988,9044,1971,8912756
785515384317313025,6083,1240,8912756
785264754247995392,7213,1598,8912756
785170936622350336,11940,4764,8912756
784826020293709826,10043,3203,8912756
784517518371221505,8905,2495,8912756
784431430411685888,5677,1258,8912756
784183165795655680,19888,7941,8912756
784057939640352768,29532,10965,8912756
783839966405230592,29747,10657,8912756
783821107061198850,7309,1942,8912756
783695101801398276,10392,3171,8912756
783466772167098368,8394,2208,8912756
783391753726550016,16763,5386,8912756
783347506784731136,0,5465,8912756
783334639985389568,28890,11534,8912756
783085703974514689,8100,2167,8912756
782969140009107456,23932,7274,8912756
782747134529531904,7412,1393,8912756
782722598790725632,17120,5314,8912756
782598640137187329,7728,1847,8912756
782305867769217024,16507,5472,8912756
782021823840026624,0,6107,8912756
781955203444699136,11044,3326,8912756
781661882474196992,10343,2680,8912756
781655249211752448,3958,1116,8912756
781524693396357120,20587,5477,8912756
781308096455073793,7083,2523,8912756
781251288990355457,8343,2048,8912756
781163403222056960,9712,2716,8912756
780931614150983680,21429,7189,8912756
780858289093574656,7119,1972,8912756
780800785462489090,5430,1278,8912756
780601303617732608,11985,3317,8912756
780543529827336192,6235,1722,8912756
780496263422808064,0,3619,8912756
780476555013349377,0,109,8912756
780459368902959104,5241,1061,8912756
780192070812196864,8620,2204,8912756
780092040432480260,0,2263,8912756
780074436359819264,12032,4876,8912756
779834332596887552,18678,6922,8912756
779377524342161408,8691,3064,8912756
779124354206535695,0,17989,8912756
779056095788752897,14594,4451,8912756
778990705243029504,19728,7072,8912756
778774459159379968,0,9723,8912756
778764940568104960,855,358,8912756
778748913645780993,6811,1285,8912756
778650543019483137,5703,1475,8912756
778624900596654080,4577,998,8912756
778408200802557953,13473,4255,8912756
778396591732486144,0,12023,8912756
778383385161035776,5760,1082,8912756
778286810187399168,10259,3244,8912756
778039087836069888,8397,2595,8912756
778027034220126208,6482,1579,8912756
777953400541634568,0,3474,8912756
777885040357281792,6284,1602,8912756
777684233540206592,11101,2890,8912756
777641927919427584,0,4162,8912756
777621514455814149,8631,2467,8912756
777189768882946048,14085,4240,8912756
776819012571455488,0,13451,8912756
776813020089548800,4818,1185,8912756
776477788987613185,8714,2718,8912756
776249906839351296,0,8958,8912756
776218204058357768,29515,15558,8912756
776201521193218049,9487,2477,8912756
776113305656188928,11616,4291,8912756
776088319444877312,1818,147,8912756
775898661951791106,0,16484,8912756
775842724423557120,11558,2609,8912756
775733305207554048,13718,3921,8912756
775729183532220416,12844,4524,8912756
775364825476165632,7293,2906,8912756
775350846108426240,10038,3839,8912756
775085132600442880,15361,4641,8912756
774757898236878852,8498,1753,8912756
774639387460112384,6640,1698,8912756
774314403806253056,21494,5416,8912756
773985732834758656,10597,3790,8912756
773922284943896577,6316,1715,8912756
773704687002451968,6503,1595,8912756
773670353721753600,5281,1287,8912756
773547596996571136,21838,6022,8912756
773336787167145985,0,4969,8912756
773308824254029826,22976,7341,8912756
773247561583001600,9329,3197,8912756
773191612633579521,9849,4048,8912756
772877495989305348,8429,3796,8912756
772826264096874500,7929,2312,8912756
772615324260794368,0,3319,8912756
772581559778025472,6388,1666,8912756
772193107915964416,5948,1360,8912756
772152991789019136,3758,1110,8913384
772117678702071809,3722,723,8912756
772114945936949249,2694,459,8912756
772102971039580160,3950,921,8912756
771908950375665664,6481,1857,8912756
771770456517009408,11829,3299,8912756
771500966810099713,8146,2563,8912756
771380798096281600,10330,4969,8912756
771171053431250945,0,7298,8912756
771136648247640064,9011,2866,8912756
771102124360998913,6147,1412,8912756
771014301343748096,6778,1622,8912756
770787852854652928,4859,1180,8912756
770772759874076672,5107,1392,8912756
770655142660169732,7236,1741,8912756
770414278348247044,6239,2059,8912756
770293558247038976,6134,1438,8912756
770093767776997377,0,2985,8912756
770069151037685760,7484,2254,8912756
769940425801170949,30812,9342,8912756
769695466921623552,6331,1648,8912756
769335591808995329,0,7580,8912756
769212283578875904,5310,1678,8912756
768970937022709760,14119,6375,8912756
768909767477751808,0,2614,8912756
768855141948723200,4116,867,8912756
768609597686943744,4058,1170,8912756
768596291618299904,4960,1254,8912756
768554158521745409,0,5709,8912756
768473857036525572,13413,3335,8912756
768193404517830656,10706,3474,8912756
767884188863397888,4672,1353,8912756
767754930266464257,15763,5276,8912756
767500508068192258,7394,2295,8912756
767191397493538821,12112,3678,8912756
767122157629476866,10029,2803,8912756
766864461642756096,0,5508,8912756
766793450729734144,4968,1333,8912756
766714921925144576,2575,369,8912756
766693177336135680,3946,776,8912756
766423258543644672,5898,1543,8912756
766313316352462849,6674,1849,8912756
766078092750233600,0,2564,8912756
766069199026450432,4151,834,8912756
766008592277377025,3686,488,8912756
765719909049503744,7116,2117,8912756
765669560888528897,5102,1206,8912756
765395769549590528,26254,3324,8912756
765371061932261376,6956,2128,8912756
765222098633691136,11446,3319,8912756
764857477905154048,6354,1741,8912756
764259802650378240,5920,1470,8912756
763956972077010945,750,53,8912756
763837565564780549,12347,4057,8912756
763183847194451968,5296,1441,8912756
763167063695355904,0,2933,8912756
763103485927849985,7251,2260,8912756
762699858130116608,11914,3535,8912756
762471784394268675,11025,6264,8912756
762464539388485633,10129,4073,8912756
762316489655476224,4712,1089,8912756
762035686371364864,31293,15199,8912756
761976711479193600,5309,1956,8912756
761750502866649088,0,3823,8912756
761745352076779520,4205,843,8912756
761672994376806400,48594,28423,8912756
761599872357261312,4055,1164,8912756
761371037149827077,0,17672,8912756
761334018830917632,5108,1424,8912756
761292947749015552,4406,1063,8912756
761227390836215808,5228,1528,8913384
761004547850530816,11139,3401,8912756
760893934457552897,3742,947,8912756
760656994973933572,6471,1865,8912756
760641137271070720,4893,1267,8912756
760539183865880579,7434,3542,8912756
760521673607086080,4136,1361,8912757
760290219849637889,26322,11211,8912757
760252756032651264,3885,850,8912757
760190180481531904,5588,1750,8912757
760153949710192640,0,30,8912757
759943073749200896,5848,2030,8912757
759923798737051648,14432,5508,8912757
759846353224826880,6617,1921,8912757
759793422261743616,5844,1863,8912757
759557299618865152,4601,1165,8912757
759447681597108224,8335,2401,8912757
759446261539934208,1643,471,8912757
759197388317847553,5971,1906,8912757
759159934323924993,0,1128,8912757
759099523532779520,14247,4057,8912757
759047813560868866,6364,1957,8912757
758854675097526272,3488,879,8912757
758828659922702336,11006,3762,8912757
758740312047005698,5633,1581,8912765
758474966123810816,3726,978,8912765
758467244762497024,4710,2164,8912765
758405701903519748,5114,1862,8912765
758355060040593408,3327,1036,8912765
758099635764359168,18682,9723,8912765
758041019896193024,2645,365,8912765
757741869644341248,6742,3176,8912766
757729163776290825,0,7704,8912766
757725642876129280,4455,1184,8912766
757611664640446465,4478,1076,8912766
757597904299253760,0,294,8912766
757596066325864448,4247,1034,8912766
757400162377592832,14847,6672,8912766
757393109802180609,5689,1691,8912766
757354760399941633,4434,1385,8912766
756998049151549440,6154,1935,8912766
756939218950160384,6513,1952,8912766
756651752796094464,4943,1264,8912766
756526248105566208,10209,3491,8912766
756303284449767430,3860,1082,8912766
756288534030475264,43176,17255,8912766
756275833623502848,6276,1498,8912766
755955933503782912,7156,2805,8912766
755206590534418437,16120,5215,8912766
755110668769038337,20764,10826,8912766
754874841593970688,0,7694,8912766
754856583969079297,6762,2450,8912766
754747087846248448,2530,506,8913394
754482103782404096,5176,1905,8912766
754449512966619136,3671,718,8912766
754120377874386944,7741,2295,8912766
753655901052166144,5728,2127,8912766
753420520834629632,7726,3460,8912766
753398408988139520,5639,1857,8912766
753375668877008896,7482,2263,8912766
753298634498793472,0,5536,8912766
753294487569522689,3293,1012,8912766
753039830821511168,36358,20342,8912766
753026973505581056,3839,937,8912766
752932432744185856,12361,6681,8912766
752917284578922496,6794,1532,8912766
752701944171524096,0,2780,8912766
752682090207055872,5890,1552,8912766
752660715232722944,4285,1516,8912766
752568224206688256,5377,2215,8912766
752519690950500352,7218,3361,8912766
752334515931054080,3739,1068,8912766
752309394570878976,0,15759,8912766
752173152931807232,5830,1780,8912766
751950017322246144,2997,890,8912766
751937170840121344,5073,1284,8912766
751830394383790080,5699,1892,8912766
751793661361422336,5692,2819,8912766
751598357617971201,7767,2965,8912766
751583847268179968,4294,1070,8912766
751538714308972544,4937,1228,8912766
751456908746354688,3148,977,8912766
751251247299190784,12250,5723,8912766
751205363882532864,6174,1761,8912766
751132876104687617,4950,1268,8912766
750868782890057730,4673,1323,8912766
750719632563142656,12885,4875,8912766
750506206503038976,4354,1120,8912766
750429297815552001,12895,4162,8912766
750383411068534784,4457,1116,8912766
750381685133418496,682,27,8912766
750147208377409536,3030,934,8912766
750132105863102464,3530,1255,8912766
750117059602808832,4240,1274,8912766
750101899009982464,2973,819,8912766
750086836815486976,2121,517,8912766
750071704093859840,7663,3228,8912766
750056684286914561,3093,875,8912766
750041628174217216,3099,593,8912766
750026558547456000,2659,763,8912766
750011400160841729,3161,878,8912766
749996283729883136,2990,799,8912766
749981277374128128,4995,2399,8912766
749774190421639168,4566,1288,8912766
749417653287129088,5963,1599,8912766
749403093750648834,2547,516,8912766
749395845976588288,8367,3341,8912766
749317047558017024,5372,2177,8912766
749075273010798592,5627,2021,8912766
749064354620928000,4696,1490,8912766
749036806121881602,3026,769,8912766
748977405889503236,10534,3296,8912766
748932637671223296,5672,2185,8912766
748705597323898880,2715,923,8912766
748699167502000129,4644,1544,8912766
748692773788876800,4158,1300,8912766
748575535303884801,5930,1929,8912766
748568946752774144,2161,651,8912766
748346686624440324,5101,1197,8912766
748337862848962560,7439,3993,8912767
748324050481647620,3608,733,8912767
748307329658011649,3601,694,8912767
748220828303695873,13812,7553,8912767
747963614829678593,5648,2079,8912767
747933425676525569,6457,2477,8913395
747885874273214464,2868,939,8912767
747844099428986880,2749,724,8912767
747816857231626240,4729,1128,8912767
747651430853525504,1344,148,8912767
747648653817413632,12581,5666,8912767
747600769478692864,2280,544,8912767
747594051852075008,3589,1022,8912767
747512671126323200,5388,1567,8912767
747461612269887489,3783,1011,8912767
747439450712596480,5287,1859,8912767
747242308580548608,0,2819,8912767
747219827526344708,5130,1516,8912767
747204161125646336,3287,884,8912767
747103485104099331,9321,3835,8912767
746906459439529985,2837,287,8912767
746872823977771008,5834,2070,8912767
746818907684614144,5202,1690,8912767
746790600704425984,4757,1553,8912767
746757706116112384,9340,3787,8912767
746726898085036033,5900,1737,8912767
746542875601690625,4920,1830,8912767
746521445350707200,0,956,8912767
746507379341139972,4545,1054,8912767
746369468511756288,6037,1587,8912767
746131877086527488,6737,2120,8912767
746056683365994496,3484,787,8912767
745789745784041472,3922,1032,8912767
745712589599014916,6830,2255,8912767
745433870967832576,6901,2471,8912767
745422732645535745,8358,2348,8912767
745314880350101504,6975,2665,8912767
745074613265149952,7635,3374,8912767
745057283344719872,7065,2175,8912767
744995568523612160,2898,594,8912767
744971049620602880,7680,2607,8912767
744709971296780288,5457,1512,8912767
744334592493166593,6604,2036,8912767
744234799360020481,152169,75231,8912767
744223424764059648,1615,348,8912767
743980027717509120,4071,1061,8912767
743895849529389061,3566,933,8912767
743835915802583040,0,1998,8912767
743609206067040256,4360,1341,8912767
743595368194129920,17848,6313,8912767
743545585370791937,3438,909,8912767
743510151680958465,7727,3610,8912767
743253157753532416,4121,1184,8912767
743222593470234624,6031,1853,8912767
743210557239623680,3737,1324,8912767
742534281772302336,6883,3453,8912767
742528092657332225,4299,1899,8912767
742465774154047488,7069,3793,8912767
742423170473463808,9552,3619,8912767
742385895052087300,6617,1895,8912767
742161199639494656,4202,1322,8912767
742150209887731712,4966,1495,8912767
741793263812808706,4421,1457,8912767
741743634094141440,7955,2653,8912767
741438259667034112,3591,789,8912767
741303864243200000,8541,3096,8912767
741099773336379392,9712,5325,8912767
741067306818797568,9269,2985,8912767
740995100998766593,6169,2630,8912767
740711788199743490,3312,907,8912767
740699697422163968,2766,751,8912767
740676976021798912,17662,6596,8912767
740373189193256964,34074,12892,8912767
740365076218183684,2386,419,8912767
740359016048689152,3204,836,8912767
740214038584557568,6507,1902,8913395
739979191639244800,19402,5709,8912767
739932936087216128,3942,1048,8912767
739844404073074688,3698,830,8912767
739623569819336705,3656,1316,8912767
739606147276148736,5251,1595,8912767
739544079319588864,38374,20469,8912767
739485634323156992,6947,2823,8912767
739238157791694849,112498,56012,8912767
738891149612572673,104,6,8912767
738885046782832640,3666,1105,8912767
738883359779196928,3215,761,8912767
738537504001953792,4945,1479,8912767
738402415918125056,3171,796,8912767
738184450748633089,4205,1171,8912767
738166403467907072,8506,3227,8912767
738156290900254721,2430,619,8912767
737826014890496000,5111,1705,8912767
737800304142471168,9700,3339,8912767
737678689543020544,4883,1267,8912767
737445876994609152,9937,4288,8912767
737322739594330112,3498,781,8912767
737310737551491075,14234,7161,8912768
736736130620620800,4114,1660,8912768
736392552031657984,17169,7097,8912768
736365877722001409,3856,1190,8912768
736225175608430592,7859,2688,8912768
736010884653420544,7641,2870,8912768
735991953473572864,3486,1106,8912768
735648611367784448,3926,1068,8912768
735635087207878657,5978,2258,8912769
735274964362878976,12633,4834,8912769
735256018284875776,3231,847,8912769
735137028879360001,3039,938,8912769
734912297295085568,2670,510,8912769
734787690684657664,12157,6077,8912769
734776360183431168,2427,514,8912769
734559631394082816,1449,382,8913397
733828123016450049,3470,752,8912769
733822306246479872,3560,987,8912769
733482008106668032,3033,912,8912769
733460102733135873,4048,1230,8912769
733109485275860992,51798,16484,8912769
732732193018155009,2359,514,8912769
732726085725589504,3455,857,8912769
732585889486888962,3548,753,8912769
732375214819057664,7828,2418,8912768
732005617171337216,14415,5191,8912768
731285275100512256,3395,965,8912768
731156023742988288,3724,1219,8912768
730924654643314689,5964,1909,8912768
730573383004487680,4737,2059,8912768
730427201120833536,3377,1001,8912769
730211855403241472,3704,1022,8912769
730196704625098752,4696,1813,8912769
729854734790754305,3905,1080,8912769
729838605770891264,1679,367,8912769
729823566028484608,3848,1199,8912768
729463711119904772,5604,2227,8912768
729113531270991872,1825,306,8912768
728986383096946689,3053,787,8912768
728760639972315136,4526,1639,8912768
728751179681943552,2676,650,8912768
728653952833728512,3213,1000,8912768
728409960103686147,4747,1922,8912768
728387165835677696,3590,925,8912768
728046963732717569,4157,1159,8912768
728035342121635841,4406,1615,8912768
728015554473250816,3994,1060,8912768
727685679342333952,2870,613,8912768
727644517743104000,5683,1681,8912768
727524757080539137,4327,1174,8913396
727314416056803329,3227,714,8912768
727286334147182592,2962,788,8912768
727175381690781696,3788,1337,8912768
727155742655025152,3508,1275,8912768
726935089318363137,6659,2339,8912768
726887082820554753,3707,1456,8912768
726828223124897792,3457,968,8912768
726224900189511680,4280,1099,8912768
725842289046749185,6865,2564,8912768
725786712245440512,4044,1325,8912768
725729321944506368,5048,1711,8912768
725458796924002305,1372,592,8912768
724983749226668032,3619,1253,8912768
724771698126512129,2270,609,8912768
724405726123311104,5119,1595,8912768
724049859469295616,4206,1714,8912768
724046343203856385,2577,539,8912768
724004602748780546,4061,1487,8912768
723912936180330496,3764,1183,8912768
723688335806480385,7425,2823,8912768
723673163800948736,2927,853,8912768
723179728551723008,5134,1784,8912768
722974582966214656,3971,1513,8912768
722613351520608256,4830,1573,8912768
721503162398597120,4476,1758,8912768
721001180231503872,2455,588,8912768
720785406564900865,3014,739,8912768
720775346191278080,2385,636,8912768
720415127506415616,4003,1447,8912768
720389942216527872,6163,2407,8912768
720340705894408192,2774,941,8912768
720059472081784833,3733,1080,8912768
720043174954147842,4769,1931,8912768
719991154352222208,4681,1675,8912768
719704490224398336,4399,1368,8912768
719551379208073216,4900,1817,8912768
719367763014393856,2706,716,8912768
719339463458033665,4302,1186,8912768
719332531645071360,3327,914,8912768
718971898235854848,3367,1039,8912768
718939241951195136,5083,1686,8912768
718631497683582976,18272,7720,8912768
718613305783398402,2356,460,8912768
718540630683709445,2370,971,8912768
718460005985447936,2604,503,8912768
718454725339934721,4704,1455,8912768
718246886998687744,1850,478,8912768
718234618122661888,3744,951,8912768
717841801130979328,2377,577,8912768
717790033953034240,2780,1060,8912768
717537687239008257,5596,1774,8912768
717428917016076293,1566,429,8912768
717421804990701568,3056,807,8912768
717047459982213120,6079,1849,8912768
717009362452090881,3132,924,8912768
716802964044845056,4149,1127,8912768
716791146589110272,7950,1519,8912768
716730379797970944,1193,411,8912768
716447146686459905,12641,5633,8912768
716439118184652801,2309,200,8912768
716285507865542656,2687,1008,8912768
716080869887381504,6566,1829,8912768
715928423106027520,3092,848,8912768
715758151270801409,3602,1376,8912768
715733265223708672,4516,1627,8912768
715704790270025728,2691,551,8912768
715696743237730304,3783,1247,8912768
715680795826982913,4159,1545,8912768
715360349751484417,5297,1505,8912768
715342466308784130,2952,664,8912768
715220193576927233,2347,624,8912768
715200624753819648,4977,1798,8912768
715009755312439296,4009,1178,8912768
714982300363173890,3599,999,8912768
714962719905021952,7101,4088,8912768
714957620017307648,4012,1355,8912768
714631576617938945,3177,953,8912768
714606013974974464,3507,888,8912768
714485234495041536,2578,1083,8912768
714258258790387713,2939,702,8912768
714251586676113411,3167,803,8912768
714214115368108032,2204,838,8912768
714141408463036416,4181,1346,8912768
713919462244790272,3189,762,8912768
713909862279876608,1835,519,8912768
713900603437621249,2747,704,8912768
713761197720473600,4700,1311,8912768
713411074226274305,4284,1254,8912768
713177543487135744,6984,2753,8912767
713175907180089344,4311,1420,8912767
712809025985978368,18453,6476,8912767
712717840512598017,11922,4775,8912767
712668654853337088,4041,1167,8912767
712438159032893441,5156,1510,8912767
712309440758808576,230,25,8912767
712097430750289920,3652,995,8912767
712092745624633345,2850,855,8912767
712085617388212225,3174,469,8912767
712065007010385924,2177,600,8912767
711998809858043904,0,123,8912767
711968124745228288,7785,2222,8912767
711743778164514816,2748,958,8912767
711732680602345472,8532,3934,8912767
711694788429553666,31818,17671,8912767
711652651650457602,3736,880,8912767
711363825979756544,3516,1091,8912767
711306686208872448,3195,711,8912767
711008018775851008,2902,589,8912767
710997087345876993,4430,1335,8912767
710844581445812225,2464,656,8912767
710833117892898816,2602,512,8912767
710658690886586372,2237,540,8912767
710609963652087808,4648,2291,8912767
710588934686908417,4387,1790,8912767
710296729921429505,2304,710,8912767
710283270106132480,2089,503,8912767
710272297844797440,4385,1203,8912767
710269109699739648,2319,1074,8912767
710153181850935296,2820,861,8912767
710140971284037632,2667,850,8912767
710117014656950272,5295,1897,8912767
709918798883774466,3392,1051,8912767
709901256215666688,645,98,8912767
709852847387627521,3409,1156,8912767
709566166965075968,3448,1155,8912767
709556954897764353,3183,1033,8912767
709519240576036864,1452,227,8912767
709449600415961088,2141,546,8912767
709409458133323776,2528,654,8912767
709225125749587968,2340,549,8912767
709207347839836162,12103,5558,8912767
709198395643068416,2371,617,8913395
709179584944730112,1948,647,8912767
709158332880297985,1969,397,8912767
709042156699303936,4585,1572,8912767
708853462201716736,1753,639,8912767
708845821941387268,2886,862,8913395
708834316713893888,1634,483,8912767
708810915978854401,15964,6668,8912767
708738143638450176,2677,782,8912767
708711088997666817,2454,690,8912767
708479650088034305,2466,652,8912767
708469915515297792,3010,784,8912768
708400866336894977,15456,9688,8912768
708356463048204288,3470,1266,8912768
708349470027751425,2283,711,8912768
708149363256774660,4168,1503,8912768
708130923141795840,3280,824,8912768
708119489313951744,2613,947,8912768
708109389455101952,1890,534,8912768
708026248782585858,4268,1856,8912768
707995814724026368,3036,1088,8912768
707983188426153984,48,2,8912768
707969809498152960,2613,928,8912768
707776935007539200,3174,922,8912768
707741517457260545,2413,588,8912768
707738799544082433,3958,2376,8912768
707693576495472641,3297,957,8912768
707629649552134146,2491,836,8912768
707610948723478529,16449,6107,8912768
707420581654872064,2189,670,8912768
707411934438625280,2231,578,8912768
707387676719185920,3389,1234,8912768
707377100785885184,3177,1049,8912768
707315916783140866,2402,613,8912768
707297311098011648,2702,755,8912768
707059547140169728,2516,651,8912768
707038192327901184,2124,759,8912768
707021089608753152,3966,1303,8912768
707014260413456384,2249,579,8912768
706904523814649856,14126,7580,8912768
706901761596989440,1987,562,8912768
706681918348251136,3201,942,8912768
706644897839910912,2499,1054,8912768
706593038911545345,2093,610,8912768
706538006853918722,3369,1381,8912768
706516534877929472,3025,998,8912768
706346369204748288,3348,895,8912769
706310011488698368,20634,7625,8912769
706291001778950144,1656,460,8912769
706265994973601792,2660,900,8912769
706169069255446529,3786,2134,8912769
706166467411222528,4990,1549,8912769
706153300320784384,1437,370,8912769
705975130514706432,3013,704,8912769
705970349788291072,3088,861,8912769
705898680587526145,2301,532,8912769
705786532653883392,1875,498,8912769
705591895322394625,3079,1105,8912769
705475953783398401,2877,878,8912769
705442520700944385,4282,1558,8912769
705428427625635840,3688,1614,8912769
705239209544720384,2906,727,8912769
705223444686888960,2521,773,8912769
705102439679201280,2078,501,8912769
705066031337840642,2123,596,8912769
704871453724954624,4154,1088,8912769
704859558691414016,2179,515,8912769
704847917308362754,4918,1462,8912770
704819833553219584,2559,948,8913398
704761120771465216,6448,2819,8912770
704499785726889984,2824,973,8912770
704491224099647488,727,75,8912770
704480331685040129,3292,1031,8912770
704364645503647744,7743,3428,8912770
704347321748819968,1528,338,8912770
704134088924532736,1465,439,8912770
704113298707505153,1800,552,8912770
704054845121142784,2835,888,8912770
703774238772166656,1787,441,8912770
703769065844768768,3175,1098,8912770
703631701117943808,2496,653,8912770
703611486317502464,3720,1480,8912770
703425003149250560,3695,1317,8912770
703407252292673536,2364,669,8912770
703382836347330562,3401,1106,8912770
703356393781329922,1854,373,8912770
703268521220972544,1923,524,8912770
703079050210877440,7183,2977,8912770
703041949650034688,25537,12023,8912770
702932127499816960,2513,695,8912770
702899151802126337,1564,435,8912770
702684942141153280,3139,1032,8912770
702671118226825216,2128,541,8912770
702598099714314240,11879,3323,8912770
702539513671897089,2798,923,8912770
702332542343577600,3089,1496,8912770
702321140488925184,3181,1010,8912771
702276748847800320,2399,745,8912771
702217446468493312,4640,1298,8912771
701981390485725185,3342,951,8912771
701952816642965504,3734,990,8912771
701889187134500865,3442,1339,8912771
701805642395348998,3314,1609,8912771
701601587219795968,2037,436,8912771
701570477911896070,2734,899,8912771
701545186879471618,2584,587,8912771
701214700881756160,11841,4913,8912771
700890391244103680,2153,547,8912771
700864154249383937,2522,604,8912771
700847567345688576,2386,482,8912771
700796979434098688,2366,903,8912771
700747788515020802,22138,8958,8912771
700518061187723268,2534,770,8912771
700505138482569216,2226,549,8912771
700462010979500032,3998,1716,8912771
700167517596164096,2559,705,8912771
700151421916807169,2176,647,8912771
700143752053182464,7298,2614,8912771
700062718104104960,2568,664,8912771
700029284593901568,2015,568,8912771
700002074055016451,3209,1293,8912771
699801817392291840,2950,917,8912771
699788877217865730,2167,494,8912771
699779630832685056,2656,1193,8912771
699775878809702401,1903,581,8912771
699691744225525762,9998,4438,8912771
699446877801091073,5781,2530,8912771
699434518667751424,2108,495,8912771
699423671849451520,1316,310,8912771
699413908797464576,2028,607,8912771
699370870310113280,1840,424,8912771
699323444782047232,3065,834,8912771
699088579889332224,2186,606,8912771
699079609774645248,2377,626,8912771
699072405256409088,2888,1149,8912771
699060279947165696,3631,1738,8912771
699036661657767936,2532,1163,8912771
698989035503689728,3247,940,8912771
698953797952008193,2602,882,8912771
698907974262222848,2466,601,8912771
698710712454139905,2398,656,8912771
698703483621523456,1412,361,8912771
698635131305795584,1257,331,8912771
698549713696649216,2250,602,8912771
698355670425473025,1796,431,8912771
698342080612007937,2205,931,8912771
698262614669991936,4637,1929,8912771
698195409219559425,16288,5767,8912771
698178924120031232,2734,716,8912771
697995514407682048,1478,326,8912771
697990423684476929,3191,1248,8912771
697943111201378304,2325,653,8912771
697881462549430272,2932,1125,8912771
697630435728322560,1697,527,8912771
697616773278015490,3059,979,8912771
697596423848730625,2925,1222,8912771
697575480820686848,1982,484,8912770
697516214579523584,1994,1072,8912770
697482927769255936,2347,643,8912770
697463031882764288,3326,1360,8912770
697270446429966336,4573,1818,8912770
697259378236399616,3201,972,8912770
697255105972801536,2981,1116,8912770
697242256848379904,2455,644,8912770
696900204696625153,3073,991,8912770
696894894812565505,2270,661,8912770
696886256886657024,4714,1733,8912770
696877980375769088,2379,687,8912770
696754882863349760,1441,351,8912770
696744641916489729,2013,900,8912770
696713835009417216,2310,625,8912770
696518437233913856,3801,1659,8912770
696490539101908992,1182,138,8912770
696488710901260288,2445,989,8912770
696405997980676096,3111,1114,8912770
696100768806522880,1874,630,8912770
695816827381944320,2928,1116,8912770
695794761660297217,3069,745,8912770
695767669421768709,1807,714,8912770
695629776980148225,4433,2020,8912771
695446424020918272,4278,1757,8912771
695409464418041856,8427,3463,8912771
695314793360662529,3520,1400,8912771
695095422348574720,2563,594,8912771
695074328191332352,2759,1059,8912771
695064344191721472,1556,571,8912771
695051054296211456,2583,767,8912771
694925794720792577,2621,886,8912771
694905863685980160,2664,906,8912771
694669722378485760,34811,13861,8912771
694356675654983680,1463,278,8912772
694352839993344000,1976,591,8912772
694342028726001664,1540,470,8912772
694329668942569472,1941,487,8912772
694206574471057408,4045,1970,8912772
694183373896572928,2858,897,8912772
694001791655137281,3309,988,8912772
693993230313091072,1822,390,8912772
693942351086120961,1701,354,8912772
693647888581312512,2612,564,8912772
693644216740769793,1314,118,8912772
693642232151285760,2472,397,8912772
693629975228977152,2378,768,8912772
693622659251335168,1495,360,8912772
693590843962331137,4901,1886,8912772
693582294167244802,1601,237,8912772
693486665285931008,1721,610,8912772
693280720173801472,3257,1198,8912772
693267061318012928,2316,787,8912772
693262851218264065,2148,481,8912772
693231807727280129,2794,717,8912772
693155686491000832,7674,3103,8912772
693109034023534592,1659,588,8912772
693095443459342336,1804,440,8912772
692919143163629568,2604,730,8912772
692905862751522816,2354,844,8912772
692901601640583168,1711,580,8912772
692894228850999298,2197,763,8912772
692828166163931137,2792,860,8912772
692752401762250755,6614,3515,8912772
692568918515392513,4229,1480,8912772
692535307825213440,3060,1312,8913400
692530551048294401,1780,399,8912772
692423280028966913,1434,219,8912772
692417313023332352,9111,3343,8912772
692187005137076224,2464,786,8912772
692158366030913536,2088,761,8912772
692142790915014657,1600,376,8912772
692041934689402880,3298,1223,8912772
692017291282812928,2811,921,8912772
691820333922455552,3851,1596,8912772
691793053716221953,7916,4089,8912772
691756958957883396,2764,959,8912772
691675652215414786,1897,493,8912772
691483041324204033,2324,540,8912772
691459709405118465,3934,1098,8912772
691444869282295808,2568,818,8912772
691416866452082688,18786,7370,8912772
691321916024623104,2507,638,8912772
691096613310316544,2878,851,8912772
691090071332753408,1675,322,8912772
690989312272396288,5736,2774,8912772
690959652130045952,3476,1203,8912772
690938899477221376,3978,1880,8912772
690932576555528194,3193,982,8912772
690735892932222976,3683,1224,8912772
690728923253055490,2116,498,8912772
690690673629138944,2259,797,8912772
690649993829576704,1261,264,8912772
690607260360429569,290,17,8912772
690597161306841088,1894,582,8912772
690400367696297985,1832,433,8912772
690374419777196032,3161,813,8912772
690360449368465409,2588,847,8912772
690348396616552449,1463,496,8912771
690248561355657216,1633,399,8912771
690021994562220032,2716,991,8912772
690015576308211712,2417,711,8912772
690005060500217858,3555,1623,8912772
689999384604450816,1374,354,8912772
689993469801164801,1416,432,8912772
689977555533848577,1332,433,8912772
689905486972461056,2378,675,8912772
689877686181715968,2956,1119,8912772
689835978131935233,2106,724,8912772
689661964914655233,3141,903,8912771
689659372465688576,10070,3715,8912771
689623661272240129,2168,621,8912771
689599056876867584,11319,5317,8912771
689557536375177216,1993,441,8912771
689517482558820352,3304,1384,8912771
689289219123089408,2187,899,8912771
689283819090870273,3165,1060,8912771
689280876073582592,1925,683,8912771
689275259254616065,1112,235,8912771
689255633275777024,2484,1046,8912771
689154315265683456,2999,956,8912771
689143371370250240,1963,487,8912771
688916208532455424,2634,833,8912771
688908934925697024,2048,738,8912771
688898160958271489,2031,754,8912771
688894073864884227,2181,662,8912771
688828561667567616,1343,355,8912771
688804835492233216,941,184,8912771
688789766343622656,2162,639,8912771
688547210804498433,2522,673,8912771
688519176466644993,2252,707,8912772
688385280030670848,9023,4315,8912772
688211956440801280,2178,798,8912772
688179443353796608,2073,564,8912772
688116655151435777,2747,746,8912772
688064179421470721,1688,351,8912772
687841446767013888,5319,2419,8912772
687826841265172480,2671,1085,8912772
687818504314159109,2412,922,8912772
687807801670897665,2317,691,8912772
687732144991551489,1708,641,8912772
687704180304273409,2369,813,8912772
687664829264453632,1884,491,8912772
687494652870668288,1844,556,8912772
687480748861947905,1562,232,8912772
687476254459715584,1926,516,8912772
687460506001633280,2003,529,8912772
687399393394311168,1841,598,8912772
687317306314240000,19559,8860,8912772
687312378585812992,4240,1835,8912772
687127927494963200,5275,2193,8912772
687124485711986689,2120,490,8912772
687109925361856513,5640,2373,8912772
687102708889812993,2282,937,8912772
687096057537363968,2173,587,8912772
686947101016735744,8387,3084,8912772
686760001961103360,3417,1337,8912772
686749460672679938,3384,1406,8912772
686730991906516992,4024,1159,8912772
686683045143953408,2748,775,8912772
686618349602762752,3590,1315,8912772
686606069955735556,1835,526,8912772
686394059078897668,1689,667,8912772
686386521809772549,3170,852,8912772
686377065986265092,2144,549,8912772
686358356425093120,2118,639,8912772
686286779679375361,3904,1612,8912772
686050296934563840,2158,704,8912772
686035780142297088,1113,112,8912772
686034024800862208,2983,1103,8912772
686007916130873345,2415,398,8912772
686003207160610816,1779,599,8912772
685973236358713344,2036,504,8912772
685943807276412928,1584,572,8912772
685906723014619143,7277,2763,8912772
685681090388975616,1977,118,8912772
685667379192414208,2293,545,8912772
685663452032069632,3138,1409,8912772
685641971164143616,2840,748,8912772
685547936038666240,31965,15028,8912772
685532292383666176,2934,1113,8912772
685325112850124800,9156,3823,8912772
685321586178670592,2564,604,8912772
685315239903100929,3196,1005,8912772
685307451701334016,2015,421,8912772
685268753634967552,3011,1159,8912772
685198997565345792,2269,647,8912772
685169283572338688,3991,1385,8912772
684969860808454144,2323,355,8912772
684959798585110529,6616,3020,8912772
684940049151070208,3117,1005,8912772
684926975086034944,3386,447,8912772
684914660081053696,3395,1404,8912772
684902183876321280,1807,508,8912772
684880619965411328,2025,776,8912772
684830982659280897,34023,20924,8912772
684800227459624960,2648,971,8912772
684594889858887680,8637,3385,8912772
684588130326986752,3987,1364,8912772
684567543613382656,2924,1167,8912772
684538444857667585,2575,915,8912772
684481074559381504,3769,1132,8912772
684460069371654144,1917,540,8912772
684241637099323392,7875,3149,8912772
684225744407494656,1201,198,8912772
684222868335505415,3719,1312,8912772
684200372118904832,2090,1002,8912772
684195085588783105,1850,489,8912772
684188786104872960,3395,1126,8912772
684177701129875456,1958,640,8912772
684147889187209216,2912,1468,8912772
684122891630342144,1948,452,8912772
684097758874210310,3985,1385,8912772
683857920510050305,3696,1080,8912772
683852578183077888,1886,333,8912772
683849932751646720,2540,917,8912772
683834909291606017,2553,1077,8912772
683828599284170753,2715,1022,8912772
683773439333797890,3248,1295,8912772
683742671509258241,6277,3187,8912772
683515932363329536,7110,2780,8912772
683498322573824003,3083,934,8912772
683481228088049664,2592,966,8912772
683462770029932544,2356,649,8912772
683449695444799489,3762,1556,8912772
683391852557561860,7428,2318,8912772
683357973142474752,2808,883,8912772
683142553609318400,2787,1003,8912772
683111407806746624,3298,878,8913400
683098815881154561,2110,633,8912772
683078886620553216,1943,546,8912772
683030066213818368,2103,719,8912772
682962037429899265,35643,15843,8912772
682808988178739200,1726,161,8912772
682788441537560576,2400,1070,8912772
682750546109968385,1476,419,8912772
682697186228989953,1277,348,8912772
682662431982772225,2962,1038,8912772
682638830361513985,2010,572,8912772
682429480204398592,3337,1110,8912772
682406705142087680,7343,1686,8912772
682393905736888321,2167,639,8912772
682389078323662849,1615,449,8912772
682303737705140231,2961,939,8912772
682259524040966145,4009,1147,8912773
682242692827447297,3129,1106,8912773
682088079302213632,17664,9487,8912773
682059653698686977,4792,1610,8912773
682047327939461121,3096,904,8912773
682032003584274432,6384,1915,8912773
682003177596559360,3023,1457,8912773
681981167097122816,2726,997,8912773
681891461017812993,2391,783,8912773
681694085539872773,12433,3908,8912773
681679526984871937,1709,424,8912773
681654059175129088,2562,877,8912773
681610798867845120,1838,446,8912773
681579835668455424,3434,1252,8912773
681523177663676416,13840,5536,8912773
681340665377193984,1593,267,8912773
681339448655802368,9010,3939,8912773
681320187870711809,2559,712,8912773
681302363064414209,3805,1745,8912773
681297372102656000,3113,913,8912773
681281657291280384,3138,1059,8912773
681261549936340994,1413,258,8912773
681242418453299201,1439,507,8912773
681231109724700672,2335,465,8912773
681193455364796417,3575,1418,8912773
680970795137544192,2341,629,8912773
680959110691590145,4445,1933,8912773
680940246314430465,3088,1001,8912773
680934982542561280,2027,419,8912773
680913438424612864,2335,596,8912773
680889648562991104,1708,353,8912773
680836378243002368,3352,1264,8912773
680805554198020098,2087,642,8912773
680801747103793152,2309,791,8912773
680798457301471234,2759,994,8912773
680609293079592961,2544,670,8912773
680583894916304897,3505,1276,8912773
680497766108381184,4101,1833,8912773
680494726643068929,1672,468,8912773
680473011644985345,2467,725,8912773
680440374763077632,1406,482,8912773
680221482581123072,1430,283,8912773
680206703334408192,2739,1116,8912773
680191257256136705,2078,478,8912773
680176173301628928,3772,1478,8912773
680161097740095489,2248,707,8912773
680145970311643136,3489,1678,8912773
680130881361686529,2226,903,8912773
680115823365742593,2641,866,8912773
680100725817409536,3478,1317,8912773
680085611152338944,12415,8639,8912773
680070545539371008,2499,821,8912773
679877062409191424,1922,625,8912773
679872969355714560,2129,642,8912773
679862121895714818,2381,593,8912773
679854723806179328,2760,1176,8912773
679844490799091713,2290,728,8912773
679828447187857408,35041,13451,8912773
679777920601223168,3013,1052,8912773
679736210798047232,2023,757,8912773
679729593985699840,2096,794,8912773
679722016581222400,1612,451,8912773
679530280114372609,4620,1996,8912773
679527802031484928,2552,692,8912773
679511351870550016,3252,1213,8912773
679503373272485890,3069,1408,8912773
679475951516934144,2023,616,8912773
679462823135686656,30435,17990,8912773
679405845277462528,2289,1149,8912773
679158373988876288,20528,7694,8912773
679148763231985668,2687,986,8912773
679132435750195208,2882,1108,8912773
679111216690831360,5764,2473,8912773
679062614270468097,16341,7704,8912773
679047485189439488,2168,632,8912773
679001094530465792,2740,1168,8912773
678991772295516161,2202,1101,8912773
678969228704284672,1580,435,8912773
678800283649069056,2474,859,8912773
678798276842360832,3331,1100,8912773
678774928607469569,2708,862,8912773
678767140346941444,3395,1299,8912773
678764513869611008,1576,445,8912773
678755239630127104,6819,3124,8912773
678740035362037760,3606,1584,8912773
678708137298427904,5385,2316,8912773
678675843183484930,2751,1395,8912773
678643457146150913,1974,384,8912773
678446151570427904,3853,1460,8912773
678424312106393600,5259,2428,8912773
678410210315247616,4039,1717,8912773
678399652199309312,77150,30388,8912773
678396796259975168,1537,394,8912773
678389028614488064,1791,402,8912773
678380236862578688,2338,865,8912773
678341075375947776,1663,510,8912773
678334497360859136,1246,237,8912773
678278586130948096,10988,5821,8912773
678255464182861824,1527,348,8912773
678023323247357953,1835,360,8912773
678021115718029313,13077,6025,8912773
677961670166224897,3286,1607,8912773
677918531514703872,1285,387,8912773
677895101218201600,4617,1972,8912773
677716515794329600,2918,934,8912773
677700003327029250,3253,1378,8912773
677698403548192770,1182,305,8912773
677687604918272002,2395,802,8912773
677673981332312066,3187,1429,8912773
677662372920729601,1866,901,8912773
677644091929329666,1782,766,8912773
677573743309385728,2045,668,8912773
677565715327688705,1251,437,8912773
677557565589463040,2354,1101,8912773
677547928504967168,6648,3497,8912773
677530072887205888,1025,217,8912773
677335745548390400,2916,1670,8912773
677334615166730240,1286,270,8912773
677331501395156992,1040,224,8912773
677328882937298944,3504,1433,8912773
677314812125323265,1580,509,8912773
677301033169788928,1179,383,8912773
677269281705472000,1891,674,8912773
677228873407442944,3405,1561,8912773
677187300187611136,2613,867,8912773
676975532580409345,2649,1015,8912778
676957860086095872,2143,771,8912778
676949632774234114,1251,375,8912778
676948236477857792,2061,816,8912778
676946864479084545,1662,347,8912778
676942428000112642,1979,711,8912778
676936541936185344,12198,4711,8912778
676916996760600576,2840,1721,8912778
676897532954456065,2151,689,8912778
676864501615042560,1994,668,8912778
676821958043033607,21894,14742,8912778
676819651066732545,1743,632,8912778
676811746707918848,1368,407,8912778
676776431406465024,4780,1926,8912778
676617503762681856,2750,907,8912778
676613908052996102,1036,190,8912778
676606785097199616,1816,412,8912778
676603393314578432,1108,362,8912778
676593408224403456,4370,2047,8912778
676590572941893632,877,116,8912778
676588346097852417,2203,742,8912778
676582956622721024,1137,261,8912778
676575501977128964,2459,1062,8912778
676533798876651520,1795,521,8912778
676496375194980353,1452,504,8912778
676470639084101634,11110,4439,8912778
676440007570247681,1653,623,8912778
676430933382295552,1338,321,8912778
676263575653122048,1994,511,8912778
676237365392908289,1151,267,8912778
676219687039057920,73085,29394,8912778
676215927814406144,1655,544,8912778
676191832485810177,2169,981,8912778
676146341966438401,1834,630,8912778
676121918416756736,2062,1100,8913406
676101918813499392,2708,1113,8912778
676098748976615425,2854,1339,8912778
676089483918516224,1246,415,8912778
675898130735476737,1530,536,8912778
675891555769696257,2022,810,8912778
675888385639251968,2268,902,8912778
675878199931371520,3970,1319,8912778
675870721063669760,1552,531,8912778
675853064436391936,2560,1208,8912778
675849018447167488,901,133,8912778
675845657354215424,2154,828,8912778
675822767435051008,1446,509,8912778
675820929667219457,998,223,8912778
675798442703122432,9750,3239,8912778
675781562965868544,1542,443,8912778
675740360753160193,1113,319,8912778
675710890956750848,1788,768,8912778
675707330206547968,1879,641,8912778
675706639471788032,618,88,8912778
675534494439489536,1744,387,8912778
675531475945709568,1120,360,8912778
675522403582218240,986,271,8912778
675517828909424640,1229,439,8912778
675501075957489664,16311,5516,8912778
675497103322386432,2980,1215,8912778
675489971617296384,1223,562,8912778
675483430902214656,1754,920,8912778
675432746517426176,1445,539,8912778
675372240448454658,1604,489,8912778
675362609739206656,1001,214,8912778
675354435921575936,30834,15759,8912778
675349384339542016,3731,2139,8912778
675334060156301312,2626,1211,8912778
675166823650848770,3363,1488,8912778
675153376133427200,5913,2417,8912778
675149409102012420,3534,1595,8912778
675147105808306176,892,218,8912778
675146535592706048,1112,276,8912778
675145476954566656,2028,842,8912778
675135153782571009,1233,445,8912778
675113801096802304,1841,738,8912778
675111688094527488,904,234,8912778
675109292475830276,2660,1056,8912778
675047298674663426,999,300,8912778
675015141583413248,2551,1107,8912778
675006312288268288,922,209,8912778
675003128568291329,1481,435,8912778
674999807681908736,2124,1037,8912778
674805413498527744,808,337,8912778
674800520222154752,2850,800,8912778
674793399141146624,2372,1023,8912778
674790488185167872,1037,235,8912778
674788554665512960,763,195,8912778
674781762103414784,1900,1119,8912778
674774481756377088,1041,441,8912778
674767892831932416,1714,728,8912778
674764817387900928,747,221,8912778
674754018082705410,1289,411,8912778
674752233200820224,1375,434,8912778
674743008475090944,1315,510,8912778
674742531037511680,456,49,8912778
674739953134403584,1038,362,8912778
674737130913071104,608,81,8912778
674690135443775488,1084,443,8912778
674670581682434048,1522,609,8912778
674664755118911488,860,227,8912778
674646392044941312,1359,456,8912778
674644256330530816,981,254,8912778
674638615994089473,1597,547,8912778
674632714662858753,1415,538,8912778
674606911342424069,885,93,8912778
674468880899788800,5899,1897,8912778
674447403907457024,1006,336,8912778
674436901579923456,1046,363,8912778
674422304705744896,1348,500,8912778
674416750885273600,651,129,8912778
674410619106390016,1137,433,8912778
674394782723014656,1429,528,8912778
674372068062928900,804,299,8912778
674330906434379776,538,71,8912778
674318007229923329,1332,483,8912778
674307341513269249,10738,6485,8912778
674291837063053312,13847,5465,8912778
674271431610523648,1469,683,8912778
674269164442398721,862,213,8912778
674265582246694913,1538,785,8912778
674262580978937856,1241,420,8912778
674255168825880576,1379,506,8912778
674082852460433408,716,154,8912778
674075285688614912,936,263,8912778
674063288070742018,6009,2033,8912778
674053186244734976,3108,1204,8912778
674051556661161984,1373,459,8912778
674045139690631169,1326,598,8912778
674042553264685056,681,118,8912778
674038233588723717,1041,393,8912778
674036086168010753,808,192,8912778
674024893172875264,1674,1143,8912778
674019345211760640,1064,285,8912778
674014384960745472,1471,597,8912778
674008982932058114,1129,332,8912778
673956914389192708,1846,895,8912778
673919437611909120,1106,349,8912778
673906403526995968,2990,1532,8912778
673887867907739649,886,238,8912778
673716320723169284,2909,702,8912778
673715861853720576,3327,1921,8912778
673711475735838725,981,280,8912778
673709992831262724,790,245,8912778
673708611235921920,1014,267,8912778
673707060090052608,1039,363,8912778
673705679337693185,1188,382,8912778
673700254269775872,1349,530,8912778
673697980713705472,3726,1818,8912778
673689733134946305,1640,605,8912778
673688752737402881,1182,461,8912778
673686845050527744,1350,404,8912778
673680198160809984,1290,434,8913406
673662677122719744,1184,344,8912778
673656262056419329,680,220,8912779
673636718965334016,1037,336,8912779
673612854080196609,1505,671,8912779
673583129559498752,1125,334,8912779
673580926094458881,782,254,8912779
673576835670777856,1300,523,8912779
673363615379013632,971,282,8912779
673359818736984064,1356,625,8912780
673355879178194945,1415,532,8912780
673352124999274496,1573,506,8912780
673350198937153538,715,194,8912780
673345638550134785,2357,1172,8912780
673343217010679808,915,249,8912780
673342308415348736,1197,533,8912780
673320132811366400,12650,7298,8912780
673317986296586240,829,235,8912780
673295268553605120,7068,2933,8912780
673270968295534593,1013,335,8912780
673240798075449344,1343,662,8912780
673213039743795200,2092,776,8912780
673148804208660480,1598,582,8912780
672997845381865473,1857,665,8912780
672995267319328768,890,269,8912780
672988786805112832,921,267,8912780
672984142909456390,1185,506,8912780
672980819271634944,1707,941,8912780
672975131468300288,1573,837,8912780
672970152493887488,889,330,8912780
672968025906282496,1249,500,8912780
672964561327235073,1339,600,8912780
672902681409806336,1285,460,8912780
672898206762672129,851,393,8912780
672884426393653248,1443,784,8912780
672877615439593473,970,328,8912780
672834301050937345,1234,531,8912780
672828477930868736,1178,456,8912780
672640509974827008,921,294,8912780
672622327801233409,1211,450,8912780
672614745925664768,1150,540,8912780
672609152938721280,1039,360,8912780
672604026190569472,1037,370,8912780
672594978741354496,1246,569,8912780
672591762242805761,896,308,8912780
672591271085670400,674,174,8912780
672538107540070400,961,339,8912780
672523490734551040,589,155,8913408
672488522314567680,1047,403,8912780
672482722825261057,1059,552,8912780
672481316919734272,677,120,8912780
672475084225949696,1363,650,8912780
672466075045466113,1273,490,8912780
672272411274932228,6040,3116,8912780
672267570918129665,1392,569,8912780
672264251789176834,1063,309,8912780
672256522047614977,2651,1419,8912780
672254177670729728,1348,691,8912780
672248013293752320,1626,555,8912780
672245253877968896,640,142,8912780
672239279297454080,842,301,8912780
672231046314901505,1706,934,8912780
672222792075620352,741,193,8912780
672205392827572224,2115,1060,8912780
672169685991993344,961,340,8912780
672160042234327040,826,332,8912780
672139350159835138,1636,645,8912780
672125275208069120,2247,1064,8912780
672095186491711488,931,340,8912780
672082170312290304,888,339,8912780
672068090318987265,1209,472,8912780
671896809300709376,7998,3878,8912780
671891728106971137,1235,524,8912780
671882082306625538,3264,1291,8912780
671879137494245376,1326,613,8912780
671874878652489728,1183,513,8912780
671866342182637568,1056,453,8912780
671855973984772097,847,403,8912780
671789708968640512,6641,3210,8912780
671768281401958400,1122,458,8912780
671763349865160704,1573,836,8912780
671744970634719232,1272,710,8912780
671743150407421952,707,222,8912780
671735591348891648,1355,699,8912780
671729906628341761,7972,4025,8912780
671561002136281088,11992,6711,8912780
671550332464455680,850,194,8912780
671547767500775424,1263,544,8912780
671544874165002241,1839,966,8912780
671542985629241344,1025,524,8912780
671538301157904385,875,355,8912780
671536543010570240,1106,372,8912780
671533943490011136,961,536,8912780
671528761649688577,787,239,8912780
671520732782923777,1310,490,8912780
671518598289059840,887,272,8912780
671511350426865664,1490,649,8912780
671504605491109889,6546,3309,8912781
671497587707535361,864,417,8912781
671488513339211776,938,441,8912781
671486386088865792,543,182,8912781
671485057807351808,716,216,8912781
671390180817915904,1348,689,8912781
671362598324076544,1036,273,8912781
671357843010908160,375,145,8912781
671355857343524864,453,112,8912781
671347597085433856,891,394,8912781
671186162933985280,684,191,8912781
671182547775299584,1043,311,8912781
671166507850801152,815,314,8912781
671163268581498880,1542,1021,8912781
671159727754231808,337,74,8912781
671154572044468225,660,205,8912781
671151324042559489,619,139,8912781
671147085991960577,621,200,8912781
671141549288370177,1084,605,8912781
671138694582165504,860,371,8912781
671134062904504320,693,176,8912781
671122204919246848,3254,2325,8912781
671115716440031232,1281,719,8912781
671109016219725825,1070,403,8912781
670995969505435648,1035,266,8912781
670842764863651840,23142,8047,8912781
670840546554966016,546,179,8912781
670838202509447168,1042,642,8912781
670833812859932673,408,113,8912781
670832455012716544,683,198,8912781
670826280409919488,5156,3757,8912781
670823764196741120,726,173,8912781
670822709593571328,566,89,8912781
670815497391357952,2964,1423,8912781
670811965569282048,1059,248,8912781
670807719151067136,1090,453,8912781
670804601705242624,1835,886,8912781
670803562457407488,320,83,8912781
670797304698376195,690,216,8912781
670792680469889025,776,256,8912781
670789397210615808,620,222,8912781
670786190031921152,557,183,8912781
670783437142401025,777,352,8912781
670782429121134593,1435,710,8912781
670780561024270336,744,267,8912781
670778058496974848,312,69,8912781
670764103623966721,1015,391,8912781
670755717859713024,411,98,8912781
670733412878163972,900,473,8912781
670727704916926465,785,329,8912781
670717338665226240,1115,445,8912781
670704688707301377,726,344,8912781
670691627984359425,553,223,8912781
670679630144274432,705,259,8912781
670676092097810432,230,38,8912781
670668383499735048,10007,4613,8912781
670474236058800128,1418,684,8912781
670468609693655041,335,82,8912781
670465786746662913,911,505,8912781
670452855871037440,514,189,8912781
670449342516494336,1129,597,8912781
670444955656130560,6323,1838,8912781
670442337873600512,607,186,8912781
670435821946826752,994,476,8912781
670434127938719744,1331,598,8912781
670433248821026816,312,103,8912781
670428280563085312,1303,570,8912781
670427002554466305,490,148,8912781
670421925039075328,1227,590,8912781
670420569653809152,578,290,8912781
670417414769758208,538,302,8912781
670411370698022913,1888,821,8912781
670408998013820928,520,202,8912781
670403879788544000,402,141,8912781
670385711116361728,529,189,8912781
670374371102445568,702,249,8912781
670361874861563904,309,60,8912781
670338931251150849,401,101,8912781
670319130621435904,3652,1128,8912781
670303360680108032,409,121,8912781
670290420111441920,652,266,8912781
670093938074779648,964,306,8912781
670086499208155136,656,231,8912781
670079681849372674,2076,1131,8912781
670073503555706880,1462,728,8912781
670069087419133954,585,220,8912781
670061506722140161,709,308,8912781
670055038660800512,623,301,8912781
670046952931721218,607,159,8912781
670040295598354432,706,104,8912781
670037189829525505,555,255,8912781
670003130994700288,312,84,8912781
669993076832759809,304,75,8912781
669972011175813120,413,142,8912781
669970042633789440,283,51,8912781
669942763794931712,470,145,8912781
669926384437997569,353,89,8912781
669923323644657664,219,53,8912781
669753178989142016,748,367,8912781
669749430875258880,242,60,8912781
669684865554620416,474,82,8912781
669683899023405056,352,101,8912781
669682095984410625,329,125,8912781
669680153564442624,627,266,8912781
669661792646373376,758,395,8912781
669625907762618368,3292,1673,8912781
669603084620980224,894,336,8912781
669597912108789760,482,140,8912781
669583744538451968,1394,857,8912781
669573570759163904,407,129,8912781
669571471778410496,1489,938,8912781
669567591774625800,220,48,8912781
669564461267722241,368,112,8912781
669393256313184256,336,69,8912781
669375718304980992,1235,671,8912781
669371483794317312,459,165,8912781
669367896104181761,426,140,8912781
669363888236994561,583,211,8912781
669359674819481600,346,112,8912781
669354382627049472,2526,1179,8912781
669353438988365824,588,240,8912781
669351434509529089,403,168,8912781
669328503091937280,955,385,8912781
669327207240699904,537,113,8912781
669324657376567296,461,192,8912781
669216679721873412,1115,377,8912781
669214165781868544,408,149,8912781
669203728096960512,942,433,8912781
669037058363662336,612,287,8912781
669015743032369152,693,346,8912781
669006782128353280,542,225,8912781
669000397445533696,19590,5884,8912781
668994913074286592,413,208,8912781
668992363537309700,699,314,8912781
668989615043424256,630,306,8912781
668988183816871936,844,426,8912781
668986018524233728,514,151,8912781
668981893510119424,501,277,8912781
668979806671884288,746,323,8912781
668975677807423489,1220,537,8912781
668967877119254528,134,21,8912781
668960084974809088,658,225,8912781
668955713004314625,257,65,8912781
668932921458302977,243,53,8912781
668902994700836864,298,92,8912781
668892474547511297,374,136,8912781
668872652652679168,494,279,8912781
668852170888998912,423,148,8912781
668826086256599040,404,124,8912781
668815180734689280,521,241,8912781
668779399630725120,671,343,8912781
668655139528511488,488,201,8912781
668645506898350081,811,488,8912781
668643542311546881,811,479,8912781
668641109086707712,993,497,8912781
668636665813057536,966,458,8912781
668633411083464705,2612,1473,8912781
668631377374486528,658,293,8912781
668627278264475648,289,100,8912782
668625577880875008,354,120,8912782
668623201287675904,1323,691,8912782
668620235289837568,185,37,8912782
668614819948453888,577,295,8912782
668587383441514497,1561,985,8912782
668567822092664832,223,49,8912782
668544745690562560,478,212,8912782
668542336805281792,423,194,8912782
668537837512433665,235,65,8912782
668528771708952576,434,204,8912782
668507509523615744,303,95,8912782
668496999348633600,379,120,8912782
668484198282485761,393,216,8912782
668480044826800133,426,133,8912782
668466899341221888,830,469,8912782
668297328638447616,583,274,8912782
668291999406125056,228,29,8912782
668286279830867968,471,126,8912782
668274247790391296,767,214,8912782
668268907921326080,515,214,8912782
668256321989451776,1207,547,8912782
668248472370458624,891,436,8912782
668237644992782336,5774,2612,8912782
668226093875376128,273,93,8912782
668221241640230912,481,182,8912782
668204964695683073,523,182,8912782
668190681446379520,606,185,8912782
668171859951755264,453,173,8912782
668154635664932864,464,287,8912782
668142349051129856,541,258,8912782
668113020489474048,623,217,8912782
667937095915278337,1161,735,8912782
667924896115245057,277,99,8912782
667915453470232577,196,51,8912782
667911425562669056,453,267,8912782
667902449697558528,804,351,8912782
667886921285246976,1739,987,8912782
667885044254572545,771,431,8912782
667878741721415682,371,108,8912782
667873844930215936,583,375,8912782
667866724293877760,2845,956,8912782
667861340749471744,229,74,8912782
667832474953625600,272,56,8912782
667806454573760512,987,451,8912782
667801013445750784,305,87,8912782
667793409583771648,650,308,8912782
667782464991965184,386,227,8912782
667773195014021121,216,48,8912782
667766675769573376,407,201,8912782
667728196545200128,355,143,8912782
667724302356258817,446,292,8912782
667550904950915073,0,31,8912782
667550882905632768,0,27,8912782
667549055577362432,5372,2075,8912782
667546741521195010,316,115,8912782
667544320556335104,801,489,8912782
667538891197542400,191,60,8912782
667534815156183040,763,484,8912782
667530908589760512,434,218,8912782
667524857454854144,1586,1034,8912782
667517642048163840,345,177,8912782
667509364010450944,6349,1964,8912782
667502640335572993,505,200,8912782
667495797102141441,486,244,8912782
667491009379606528,483,207,8912782
667470559035432960,235,89,8912782
667455448082227200,179,56,8912782
667453023279554560,291,81,8912782
667443425659232256,723,533,8912782
667437278097252352,418,216,8912782
667435689202614272,285,79,8912782
667405339315146752,432,206,8912782
667393430834667520,178,51,8912782
667369227918143488,338,151,8912782
667211855547486208,451,221,8912782
667200525029539841,571,240,8912782
667192066997374976,355,90,8912782
667188689915760640,692,364,8912782
667182792070062081,13291,5642,8912782
667177989038297088,178,50,8912782
667176164155375616,567,418,8912782
667174963120574464,230,72,8912782
667171260800061440,202,77,8912782
667165590075940865,2495,1032,8912782
667160273090932737,236,56,8912782
667152164079423490,44382,15462,8912782
667138269671505920,4251,1998,8912782
667119796878725120,307,121,8912782
667090893657276420,312,115,8912783
667073648344346624,375,109,8912783
667070482143944705,77,13,8912783
667065535570550784,157,41,8912783
667062181243039745,204,47,8912783
667044094246576128,174,44,8912783
667012601033924608,420,201,8912783
666996132027977728,225,81,8912783
666983947667116034,2366,896,8912783
666837028449972224,750,506,8912783
666835007768551424,195,72,8912783
666826780179869698,237,83,8912783
666817836334096384,471,230,8912783
666804364988780544,216,84,8912783
666786068205871104,698,441,8912783
666781792255496192,358,175,8912783
666776908487630848,321,156,8912783
666739327293083650,220,60,8912783
666701168228331520,395,195,8912783
666691418707132416,170,44,8912783
666649482315059201,1034,568,8912783
666644823164719104,219,73,8912783
666454714377183233,474,196,8912783
666447344410484738,94,18,8912783
666437273139982337,112,42,8912783
666435652385423360,150,45,8912783
666430724426358785,290,173,8912783
666428276349472768,150,73,8913411
666421158376562688,293,100,8912784
666418789513326592,111,41,8912784
666411507551481857,397,286,8912784
666407126856765440,98,31,8912784
666396247373291520,155,73,8912784
666373753744588802,169,78,8912784
666362758909284353,702,502,8912784
666353288456101888,193,64,8912784
666345417576210432,267,128,8912784
666337882303524864,179,81,8912784
666293911632134144,450,311,8912784
666287406224695296,131,57,8912784
666273097616637952,157,70,8912784
666268910803644416,92,32,8912784
666104133288665088,13279,5795,8912784
666102155909144576,69,11,8912784
666099513787052032,140,57,8912784
666094000022159362,153,66,8912784
666082916733198337,100,41,8912784
666073100786774016,284,141,8912784
666071193221509120,133,52,8912784
666063827256086533,438,190,8912784
666058600524156928,102,51,8912784
666057090499244032,262,119,8912784
666055525042405380,402,214,8912784
666051853826850816,1096,751,8912784
666050758794694657,119,51,8912784
666049248165822465,95,39,8912784
666044226329800704,263,124,8912784
666033412701032449,108,39,8912784
666029285002620928,118,41,8912784
666020888022790149,2357,447,8912784
